"","analysis_var","analysis_type","indicator","group_var","access","overaged","out_of_school","ece","level1","level2","level3","level4","non_formal","wgq"
"1","edu_ind_access_d","prop_select_one","% children 5 to 18 y.o. who attended school or any early childhood education program at any time during the 2023-2024 school year","overall",TRUE,TRUE,FALSE,FALSE,FALSE,FALSE,FALSE,FALSE,FALSE,FALSE
"2","edu_disrupted_teacher_d","prop_select_one","% of children 5 to 18 y.o. whose education was disrupted due to teacher's absence","overall",TRUE,FALSE,FALSE,FALSE,FALSE,FALSE,FALSE,FALSE,FALSE,FALSE
"3","edu_disrupted_hazards_d","prop_select_one","% of children 5 to 18 y.o. whose education was disrupted due to natural hazards","overall",TRUE,FALSE,FALSE,FALSE,FALSE,FALSE,FALSE,FALSE,FALSE,FALSE
"4","edu_disrupted_displaced_d","prop_select_one","% of children 5 to 18 y.o. whose education was disrupted due to the school being occupied by displaced persons - Binary","overall",TRUE,FALSE,FALSE,FALSE,FALSE,FALSE,FALSE,FALSE,FALSE,FALSE
"5","edu_ind_access_d","prop_select_one","% children 5 to 18 y.o. who attended school or any early childhood education program at any time during the 2023-2024 school year","overall, child_gender_d",TRUE,TRUE,FALSE,FALSE,FALSE,FALSE,FALSE,FALSE,FALSE,FALSE
"6","edu_disrupted_teacher_d","prop_select_one","% of children 5 to 18 y.o. whose education was disrupted due to teacher's absence","overall, child_gender_d",TRUE,FALSE,FALSE,FALSE,FALSE,FALSE,FALSE,FALSE,FALSE,FALSE
"7","edu_disrupted_hazards_d","prop_select_one","% of children 5 to 18 y.o. whose education was disrupted due to natural hazards","overall, child_gender_d",TRUE,FALSE,FALSE,FALSE,FALSE,FALSE,FALSE,FALSE,FALSE,FALSE
"8","edu_disrupted_displaced_d","prop_select_one","% of children 5 to 18 y.o. whose education was disrupted due to the school being occupied by displaced persons - Binary","overall, child_gender_d",TRUE,FALSE,FALSE,FALSE,FALSE,FALSE,FALSE,FALSE,FALSE,FALSE
"9","edu_ind_access_d","prop_select_one","% children 5 to 18 y.o. who attended school or any early childhood education program at any time during the 2023-2024 school year","edu_school_cycle_d",TRUE,TRUE,FALSE,TRUE,TRUE,TRUE,TRUE,FALSE,FALSE,FALSE
"10","edu_disrupted_teacher_d","prop_select_one","% of children 5 to 18 y.o. whose education was disrupted due to teacher's absence","edu_school_cycle_d",TRUE,FALSE,FALSE,FALSE,FALSE,FALSE,FALSE,FALSE,FALSE,FALSE
"11","edu_disrupted_hazards_d","prop_select_one","% of children 5 to 18 y.o. whose education was disrupted due to natural hazards","edu_school_cycle_d",TRUE,FALSE,FALSE,FALSE,FALSE,FALSE,FALSE,FALSE,FALSE,FALSE
"12","edu_disrupted_displaced_d","prop_select_one","% of children 5 to 18 y.o. whose education was disrupted due to the school being occupied by displaced persons - Binary","edu_school_cycle_d",TRUE,FALSE,FALSE,FALSE,FALSE,FALSE,FALSE,FALSE,FALSE,FALSE
"13","edu_ind_access_d","prop_select_one","% children 5 to 18 y.o. who attended school or any early childhood education program at any time during the 2023-2024 school year","edu_school_cycle_d, child_gender_d",TRUE,TRUE,FALSE,TRUE,TRUE,TRUE,TRUE,FALSE,FALSE,FALSE
"14","edu_disrupted_teacher_d","prop_select_one","% of children 5 to 18 y.o. whose education was disrupted due to teacher's absence","edu_school_cycle_d, child_gender_d",TRUE,FALSE,FALSE,FALSE,FALSE,FALSE,FALSE,FALSE,FALSE,FALSE
"15","edu_disrupted_hazards_d","prop_select_one","% of children 5 to 18 y.o. whose education was disrupted due to natural hazards","edu_school_cycle_d, child_gender_d",TRUE,FALSE,FALSE,FALSE,FALSE,FALSE,FALSE,FALSE,FALSE,FALSE
"16","edu_disrupted_displaced_d","prop_select_one","% of children 5 to 18 y.o. whose education was disrupted due to the school being occupied by displaced persons - Binary","edu_school_cycle_d, child_gender_d",TRUE,FALSE,FALSE,FALSE,FALSE,FALSE,FALSE,FALSE,FALSE,FALSE
"17","edu_ind_no_access_d","prop_select_one","% children 5 to 18 y.o. who did not attended school or any early childhood education program at any time during the 2023-2024 school year","overall",FALSE,FALSE,TRUE,FALSE,FALSE,FALSE,FALSE,FALSE,FALSE,FALSE
"18","edu_barrier_d","prop_select_one","% children 5 to 18 y.o. not attending school or any early childhood education program at any time during the 2023-2024 school year, by main reason","overall",FALSE,FALSE,TRUE,FALSE,FALSE,FALSE,FALSE,FALSE,FALSE,FALSE
"19","edu_ind_no_access_d","prop_select_one","% children 5 to 18 y.o. who did not attended school or any early childhood education program at any time during the 2023-2024 school year","overall, child_gender_d",FALSE,FALSE,TRUE,FALSE,FALSE,FALSE,FALSE,FALSE,FALSE,FALSE
"20","edu_barrier_d","prop_select_one","% children 5 to 18 y.o. not attending school or any early childhood education program at any time during the 2023-2024 school year, by main reason","overall, child_gender_d",FALSE,FALSE,TRUE,FALSE,FALSE,FALSE,FALSE,FALSE,FALSE,FALSE
"21","edu_ind_no_access_d","prop_select_one","% children 5 to 18 y.o. who did not attended school or any early childhood education program at any time during the 2023-2024 school year","edu_school_cycle_d",FALSE,FALSE,TRUE,FALSE,FALSE,FALSE,FALSE,FALSE,FALSE,FALSE
"22","edu_barrier_d","prop_select_one","% children 5 to 18 y.o. not attending school or any early childhood education program at any time during the 2023-2024 school year, by main reason","edu_school_cycle_d",FALSE,FALSE,TRUE,FALSE,FALSE,FALSE,FALSE,FALSE,FALSE,FALSE
"23","edu_ind_no_access_d","prop_select_one","% children 5 to 18 y.o. who did not attended school or any early childhood education program at any time during the 2023-2024 school year","edu_school_cycle_d, child_gender_d",FALSE,FALSE,TRUE,FALSE,FALSE,FALSE,FALSE,FALSE,FALSE,FALSE
"24","edu_barrier_d","prop_select_one","% children 5 to 18 y.o. not attending school or any early childhood education program at any time during the 2023-2024 school year, by main reason","edu_school_cycle_d, child_gender_d",FALSE,FALSE,TRUE,FALSE,FALSE,FALSE,FALSE,FALSE,FALSE,FALSE
"25","edu_level1_overage_learners_d","prop_select_one","% children 5 to 18 y.o. who attended school or any early childhood education program at any time during the 2023-2024 school year","overall",FALSE,TRUE,FALSE,FALSE,FALSE,FALSE,FALSE,FALSE,FALSE,FALSE
"26","edu_level1_overage_learners_d","prop_select_one","% children 5 to 18 y.o. who attended school or any early childhood education program at any time during the 2023-2024 school year","overall, child_gender_d",FALSE,TRUE,FALSE,FALSE,FALSE,FALSE,FALSE,FALSE,FALSE,FALSE
"27","edu_level1_overage_learners_d","prop_select_one","% children 5 to 18 y.o. who attended school or any early childhood education program at any time during the 2023-2024 school year","edu_school_cycle_d",FALSE,TRUE,FALSE,FALSE,FALSE,FALSE,FALSE,FALSE,FALSE,FALSE
"28","edu_level1_overage_learners_d","prop_select_one","% children 5 to 18 y.o. who attended school or any early childhood education program at any time during the 2023-2024 school year","edu_school_cycle_d, child_gender_d",FALSE,TRUE,FALSE,FALSE,FALSE,FALSE,FALSE,FALSE,FALSE,FALSE
"29","edu_level2_overage_learners_d","prop_select_one","% children 5 to 18 y.o. who attended school or any early childhood education program at any time during the 2023-2024 school year","overall",FALSE,TRUE,FALSE,FALSE,FALSE,FALSE,FALSE,FALSE,FALSE,FALSE
"30","edu_level2_overage_learners_d","prop_select_one","% children 5 to 18 y.o. who attended school or any early childhood education program at any time during the 2023-2024 school year","overall, child_gender_d",FALSE,TRUE,FALSE,FALSE,FALSE,FALSE,FALSE,FALSE,FALSE,FALSE
"31","edu_level2_overage_learners_d","prop_select_one","% children 5 to 18 y.o. who attended school or any early childhood education program at any time during the 2023-2024 school year","edu_school_cycle_d",FALSE,TRUE,FALSE,FALSE,FALSE,FALSE,FALSE,FALSE,FALSE,FALSE
"32","edu_level2_overage_learners_d","prop_select_one","% children 5 to 18 y.o. who attended school or any early childhood education program at any time during the 2023-2024 school year","edu_school_cycle_d, child_gender_d",FALSE,TRUE,FALSE,FALSE,FALSE,FALSE,FALSE,FALSE,FALSE,FALSE
"33","edu_level3_overage_learners_d","prop_select_one","% children 5 to 18 y.o. who attended school or any early childhood education program at any time during the 2023-2024 school year","overall",FALSE,TRUE,FALSE,FALSE,FALSE,FALSE,FALSE,FALSE,FALSE,FALSE
"34","edu_level3_overage_learners_d","prop_select_one","% children 5 to 18 y.o. who attended school or any early childhood education program at any time during the 2023-2024 school year","overall, child_gender_d",FALSE,TRUE,FALSE,FALSE,FALSE,FALSE,FALSE,FALSE,FALSE,FALSE
"35","edu_level3_overage_learners_d","prop_select_one","% children 5 to 18 y.o. who attended school or any early childhood education program at any time during the 2023-2024 school year","edu_school_cycle_d",FALSE,TRUE,FALSE,FALSE,FALSE,FALSE,FALSE,FALSE,FALSE,FALSE
"36","edu_level3_overage_learners_d","prop_select_one","% children 5 to 18 y.o. who attended school or any early childhood education program at any time during the 2023-2024 school year","edu_school_cycle_d, child_gender_d",FALSE,TRUE,FALSE,FALSE,FALSE,FALSE,FALSE,FALSE,FALSE,FALSE
"37","edu_attending_level0_level1_and_level1_minus_one_age_d","prop_select_one","% of children one year before primary school entry age attending early childhood education or primary school.","edu_school_cycle_d",FALSE,FALSE,FALSE,TRUE,FALSE,FALSE,FALSE,FALSE,FALSE,FALSE
"38","edu_attending_level0_level1_and_level1_minus_one_age_d","prop_select_one","% of children one year before primary school entry age attending early childhood education or primary school.","edu_school_cycle_d, child_gender_d",FALSE,FALSE,FALSE,TRUE,FALSE,FALSE,FALSE,FALSE,FALSE,FALSE
"39","edu_attending_level1_and_level1_minus_one_age_d","prop_select_one","% of children one year before primary school entry age attending primary school.","edu_school_cycle_d",FALSE,FALSE,FALSE,TRUE,FALSE,FALSE,FALSE,FALSE,FALSE,FALSE
"40","edu_attending_level1_and_level1_minus_one_age_d","prop_select_one","% of children one year before primary school entry age attending primary school.","edu_school_cycle_d, child_gender_d",FALSE,FALSE,FALSE,TRUE,FALSE,FALSE,FALSE,FALSE,FALSE,FALSE
"41","edu_attending_level123_and_level1_age_d","prop_select_one","% of school-aged children of primary school age currently attending primary, lower or upper secondary school","edu_school_cycle_d",FALSE,FALSE,FALSE,FALSE,TRUE,FALSE,FALSE,FALSE,FALSE,FALSE
"42","edu_attending_level123_and_level1_age_d","prop_select_one","% of school-aged children of primary school age currently attending primary, lower or upper secondary school","edu_school_cycle_d, child_gender_d",FALSE,FALSE,FALSE,FALSE,TRUE,FALSE,FALSE,FALSE,FALSE,FALSE
"43","edu_attending_level23_and_level2_age_d","prop_select_one","% of school-aged children of lower secondary school age currently attending lower secondary school or higher","edu_school_cycle_d",FALSE,FALSE,FALSE,FALSE,FALSE,TRUE,FALSE,FALSE,FALSE,FALSE
"44","edu_attending_level23_and_level2_age_d","prop_select_one","% of school-aged children of lower secondary school age currently attending lower secondary school or higher","edu_school_cycle_d, child_gender_d",FALSE,FALSE,FALSE,FALSE,FALSE,TRUE,FALSE,FALSE,FALSE,FALSE
"45","edu_attending_level3_and_level3_age_d","prop_select_one","% of school-aged children of upper secondary school age currently attending upper secondary school or higher","edu_school_cycle_d",FALSE,FALSE,FALSE,FALSE,FALSE,FALSE,TRUE,FALSE,FALSE,FALSE
"46","edu_attending_level3_and_level3_age_d","prop_select_one","% of school-aged children of upper secondary school age currently attending upper secondary school or higher","edu_school_cycle_d, child_gender_d",FALSE,FALSE,FALSE,FALSE,FALSE,FALSE,TRUE,FALSE,FALSE,FALSE
"47","edu_disrupted_displaced","prop_select_multiple",NA,"overall",FALSE,FALSE,FALSE,FALSE,FALSE,FALSE,FALSE,FALSE,FALSE,FALSE
"48","edu_disrupted_displaced","prop_select_multiple",NA,"overall, child_gender_d",FALSE,FALSE,FALSE,FALSE,FALSE,FALSE,FALSE,FALSE,FALSE,FALSE
"49","edu_disrupted_displaced","prop_select_multiple",NA,"edu_school_cycle_d",FALSE,FALSE,FALSE,FALSE,FALSE,FALSE,FALSE,FALSE,FALSE,FALSE
"50","edu_disrupted_displaced","prop_select_multiple",NA,"edu_school_cycle_d, child_gender_d",FALSE,FALSE,FALSE,FALSE,FALSE,FALSE,FALSE,FALSE,FALSE,FALSE
"51","edu_modality","prop_select_one",NA,"overall",FALSE,FALSE,FALSE,FALSE,FALSE,FALSE,FALSE,FALSE,FALSE,FALSE
"52","edu_modality","prop_select_one",NA,"overall, child_gender_d",FALSE,FALSE,FALSE,FALSE,FALSE,FALSE,FALSE,FALSE,FALSE,FALSE
"53","edu_modality","prop_select_one",NA,"edu_school_cycle_d",FALSE,FALSE,FALSE,FALSE,FALSE,FALSE,FALSE,FALSE,FALSE,FALSE
"54","edu_modality","prop_select_one",NA,"edu_school_cycle_d, child_gender_d",FALSE,FALSE,FALSE,FALSE,FALSE,FALSE,FALSE,FALSE,FALSE,FALSE
"55","edu_ind_access_d","prop_select_one","% children 5 to 18 y.o. who attended school or any early childhood education program at any time during the 2023-2024 school year","admin2",TRUE,TRUE,FALSE,FALSE,FALSE,FALSE,FALSE,FALSE,FALSE,FALSE
"56","edu_disrupted_teacher_d","prop_select_one","% of children 5 to 18 y.o. whose education was disrupted due to teacher's absence","admin2",TRUE,FALSE,FALSE,FALSE,FALSE,FALSE,FALSE,FALSE,FALSE,FALSE
"57","edu_disrupted_hazards_d","prop_select_one","% of children 5 to 18 y.o. whose education was disrupted due to natural hazards","admin2",TRUE,FALSE,FALSE,FALSE,FALSE,FALSE,FALSE,FALSE,FALSE,FALSE
"58","edu_disrupted_displaced_d","prop_select_one","% of children 5 to 18 y.o. whose education was disrupted due to the school being occupied by displaced persons - Binary","admin2",TRUE,FALSE,FALSE,FALSE,FALSE,FALSE,FALSE,FALSE,FALSE,FALSE
"59","edu_ind_access_d","prop_select_one","% children 5 to 18 y.o. who attended school or any early childhood education program at any time during the 2023-2024 school year","admin2, child_gender_d",TRUE,TRUE,FALSE,FALSE,FALSE,FALSE,FALSE,FALSE,FALSE,FALSE
"60","edu_disrupted_teacher_d","prop_select_one","% of children 5 to 18 y.o. whose education was disrupted due to teacher's absence","admin2, child_gender_d",TRUE,FALSE,FALSE,FALSE,FALSE,FALSE,FALSE,FALSE,FALSE,FALSE
"61","edu_disrupted_hazards_d","prop_select_one","% of children 5 to 18 y.o. whose education was disrupted due to natural hazards","admin2, child_gender_d",TRUE,FALSE,FALSE,FALSE,FALSE,FALSE,FALSE,FALSE,FALSE,FALSE
"62","edu_disrupted_displaced_d","prop_select_one","% of children 5 to 18 y.o. whose education was disrupted due to the school being occupied by displaced persons - Binary","admin2, child_gender_d",TRUE,FALSE,FALSE,FALSE,FALSE,FALSE,FALSE,FALSE,FALSE,FALSE
"63","edu_ind_no_access_d","prop_select_one","% children 5 to 18 y.o. who did not attended school or any early childhood education program at any time during the 2023-2024 school year","admin2",FALSE,FALSE,TRUE,FALSE,FALSE,FALSE,FALSE,FALSE,FALSE,FALSE
"64","edu_barrier_d","prop_select_one","% children 5 to 18 y.o. not attending school or any early childhood education program at any time during the 2023-2024 school year, by main reason","admin2",FALSE,FALSE,TRUE,FALSE,FALSE,FALSE,FALSE,FALSE,FALSE,FALSE
"65","edu_ind_no_access_d","prop_select_one","% children 5 to 18 y.o. who did not attended school or any early childhood education program at any time during the 2023-2024 school year","admin2, child_gender_d",FALSE,FALSE,TRUE,FALSE,FALSE,FALSE,FALSE,FALSE,FALSE,FALSE
"66","edu_barrier_d","prop_select_one","% children 5 to 18 y.o. not attending school or any early childhood education program at any time during the 2023-2024 school year, by main reason","admin2, child_gender_d",FALSE,FALSE,TRUE,FALSE,FALSE,FALSE,FALSE,FALSE,FALSE,FALSE
"67","edu_level1_overage_learners_d","prop_select_one","% children 5 to 18 y.o. who attended school or any early childhood education program at any time during the 2023-2024 school year","admin2",FALSE,TRUE,FALSE,FALSE,FALSE,FALSE,FALSE,FALSE,FALSE,FALSE
"68","edu_level1_overage_learners_d","prop_select_one","% children 5 to 18 y.o. who attended school or any early childhood education program at any time during the 2023-2024 school year","admin2, child_gender_d",FALSE,TRUE,FALSE,FALSE,FALSE,FALSE,FALSE,FALSE,FALSE,FALSE
"69","edu_level2_overage_learners_d","prop_select_one","% children 5 to 18 y.o. who attended school or any early childhood education program at any time during the 2023-2024 school year","admin2",FALSE,TRUE,FALSE,FALSE,FALSE,FALSE,FALSE,FALSE,FALSE,FALSE
"70","edu_level2_overage_learners_d","prop_select_one","% children 5 to 18 y.o. who attended school or any early childhood education program at any time during the 2023-2024 school year","admin2, child_gender_d",FALSE,TRUE,FALSE,FALSE,FALSE,FALSE,FALSE,FALSE,FALSE,FALSE
"71","edu_level3_overage_learners_d","prop_select_one","% children 5 to 18 y.o. who attended school or any early childhood education program at any time during the 2023-2024 school year","admin2",FALSE,TRUE,FALSE,FALSE,FALSE,FALSE,FALSE,FALSE,FALSE,FALSE
"72","edu_level3_overage_learners_d","prop_select_one","% children 5 to 18 y.o. who attended school or any early childhood education program at any time during the 2023-2024 school year","admin2, child_gender_d",FALSE,TRUE,FALSE,FALSE,FALSE,FALSE,FALSE,FALSE,FALSE,FALSE
"73","edu_ind_access_d","prop_select_one","% children 5 to 18 y.o. who attended school or any early childhood education program at any time during the 2023-2024 school year","edu_school_cycle_d, admin2",FALSE,FALSE,FALSE,TRUE,TRUE,TRUE,TRUE,FALSE,FALSE,FALSE
"74","edu_ind_access_d","prop_select_one","% children 5 to 18 y.o. who attended school or any early childhood education program at any time during the 2023-2024 school year","edu_school_cycle_d, admin2, child_gender_d",FALSE,FALSE,FALSE,TRUE,TRUE,TRUE,TRUE,FALSE,FALSE,FALSE
"75","edu_attending_level0_level1_and_level1_minus_one_age_d","prop_select_one","% of children one year before primary school entry age attending early childhood education or primary school.","edu_school_cycle_d, admin2",FALSE,FALSE,FALSE,TRUE,FALSE,FALSE,FALSE,FALSE,FALSE,FALSE
"76","edu_attending_level0_level1_and_level1_minus_one_age_d","prop_select_one","% of children one year before primary school entry age attending early childhood education or primary school.","edu_school_cycle_d, admin2, child_gender_d",FALSE,FALSE,FALSE,TRUE,FALSE,FALSE,FALSE,FALSE,FALSE,FALSE
"77","edu_attending_level1_and_level1_minus_one_age_d","prop_select_one","% of children one year before primary school entry age attending primary school.","edu_school_cycle_d, admin2",FALSE,FALSE,FALSE,TRUE,FALSE,FALSE,FALSE,FALSE,FALSE,FALSE
"78","edu_attending_level1_and_level1_minus_one_age_d","prop_select_one","% of children one year before primary school entry age attending primary school.","edu_school_cycle_d, admin2, child_gender_d",FALSE,FALSE,FALSE,TRUE,FALSE,FALSE,FALSE,FALSE,FALSE,FALSE
"79","edu_attending_level123_and_level1_age_d","prop_select_one","% of school-aged children of primary school age currently attending primary, lower or upper secondary school","edu_school_cycle_d,admin2",FALSE,FALSE,FALSE,FALSE,TRUE,FALSE,FALSE,FALSE,FALSE,FALSE
"80","edu_attending_level123_and_level1_age_d","prop_select_one","% of school-aged children of primary school age currently attending primary, lower or upper secondary school","edu_school_cycle_d, admin2, child_gender_d",FALSE,FALSE,FALSE,FALSE,TRUE,FALSE,FALSE,FALSE,FALSE,FALSE
"81","edu_attending_level23_and_level2_age_d","prop_select_one","% of school-aged children of lower secondary school age currently attending lower secondary school or higher","edu_school_cycle_d,admin2",FALSE,FALSE,FALSE,FALSE,FALSE,TRUE,FALSE,FALSE,FALSE,FALSE
"82","edu_attending_level23_and_level2_age_d","prop_select_one","% of school-aged children of lower secondary school age currently attending lower secondary school or higher","edu_school_cycle_d, admin2, child_gender_d",FALSE,FALSE,FALSE,FALSE,FALSE,TRUE,FALSE,FALSE,FALSE,FALSE
"83","edu_attending_level3_and_level3_age_d","prop_select_one","% of school-aged children of upper secondary school age currently attending upper secondary school or higher","edu_school_cycle_d,admin2",FALSE,FALSE,FALSE,FALSE,FALSE,FALSE,TRUE,FALSE,FALSE,FALSE
"84","edu_attending_level3_and_level3_age_d","prop_select_one","% of school-aged children of upper secondary school age currently attending upper secondary school or higher","edu_school_cycle_d, admin2, child_gender_d",FALSE,FALSE,FALSE,FALSE,FALSE,FALSE,TRUE,FALSE,FALSE,FALSE
"85","edu_disrupted_displaced","prop_select_multiple",NA,"admin2",FALSE,FALSE,FALSE,FALSE,FALSE,FALSE,FALSE,FALSE,FALSE,FALSE
"86","edu_disrupted_displaced","prop_select_multiple",NA,"admin2, child_gender_d",FALSE,FALSE,FALSE,FALSE,FALSE,FALSE,FALSE,FALSE,FALSE,FALSE
"87","edu_modality","prop_select_one",NA,"admin2",FALSE,FALSE,FALSE,FALSE,FALSE,FALSE,FALSE,FALSE,FALSE,FALSE
"88","edu_modality","prop_select_one",NA,"admin2, child_gender_d",FALSE,FALSE,FALSE,FALSE,FALSE,FALSE,FALSE,FALSE,FALSE,FALSE
"89","edu_ind_access_d","prop_select_one","% children 5 to 18 y.o. who attended school or any early childhood education program at any time during the 2023-2024 school year","hoh_gender",TRUE,TRUE,FALSE,FALSE,FALSE,FALSE,FALSE,FALSE,FALSE,FALSE
"90","edu_disrupted_teacher_d","prop_select_one","% of children 5 to 18 y.o. whose education was disrupted due to teacher's absence","hoh_gender",TRUE,FALSE,FALSE,FALSE,FALSE,FALSE,FALSE,FALSE,FALSE,FALSE
"91","edu_disrupted_hazards_d","prop_select_one","% of children 5 to 18 y.o. whose education was disrupted due to natural hazards","hoh_gender",TRUE,FALSE,FALSE,FALSE,FALSE,FALSE,FALSE,FALSE,FALSE,FALSE
"92","edu_disrupted_displaced_d","prop_select_one","% of children 5 to 18 y.o. whose education was disrupted due to the school being occupied by displaced persons - Binary","hoh_gender",TRUE,FALSE,FALSE,FALSE,FALSE,FALSE,FALSE,FALSE,FALSE,FALSE
"93","edu_ind_access_d","prop_select_one","% children 5 to 18 y.o. who attended school or any early childhood education program at any time during the 2023-2024 school year","hoh_gender, child_gender_d",TRUE,TRUE,FALSE,FALSE,FALSE,FALSE,FALSE,FALSE,FALSE,FALSE
"94","edu_disrupted_teacher_d","prop_select_one","% of children 5 to 18 y.o. whose education was disrupted due to teacher's absence","hoh_gender, child_gender_d",TRUE,FALSE,FALSE,FALSE,FALSE,FALSE,FALSE,FALSE,FALSE,FALSE
"95","edu_disrupted_hazards_d","prop_select_one","% of children 5 to 18 y.o. whose education was disrupted due to natural hazards","hoh_gender, child_gender_d",TRUE,FALSE,FALSE,FALSE,FALSE,FALSE,FALSE,FALSE,FALSE,FALSE
"96","edu_disrupted_displaced_d","prop_select_one","% of children 5 to 18 y.o. whose education was disrupted due to the school being occupied by displaced persons - Binary","hoh_gender, child_gender_d",TRUE,FALSE,FALSE,FALSE,FALSE,FALSE,FALSE,FALSE,FALSE,FALSE
"97","edu_ind_no_access_d","prop_select_one","% children 5 to 18 y.o. who did not attended school or any early childhood education program at any time during the 2023-2024 school year","hoh_gender",FALSE,FALSE,TRUE,FALSE,FALSE,FALSE,FALSE,FALSE,FALSE,FALSE
"98","edu_barrier_d","prop_select_one","% children 5 to 18 y.o. not attending school or any early childhood education program at any time during the 2023-2024 school year, by main reason","hoh_gender",FALSE,FALSE,TRUE,FALSE,FALSE,FALSE,FALSE,FALSE,FALSE,FALSE
"99","edu_ind_no_access_d","prop_select_one","% children 5 to 18 y.o. who did not attended school or any early childhood education program at any time during the 2023-2024 school year","hoh_gender, child_gender_d",FALSE,FALSE,TRUE,FALSE,FALSE,FALSE,FALSE,FALSE,FALSE,FALSE
"100","edu_barrier_d","prop_select_one","% children 5 to 18 y.o. not attending school or any early childhood education program at any time during the 2023-2024 school year, by main reason","hoh_gender, child_gender_d",FALSE,FALSE,TRUE,FALSE,FALSE,FALSE,FALSE,FALSE,FALSE,FALSE
"101","edu_level1_overage_learners_d","prop_select_one","% children 5 to 18 y.o. who attended school or any early childhood education program at any time during the 2023-2024 school year","hoh_gender",FALSE,TRUE,FALSE,FALSE,FALSE,FALSE,FALSE,FALSE,FALSE,FALSE
"102","edu_level1_overage_learners_d","prop_select_one","% children 5 to 18 y.o. who attended school or any early childhood education program at any time during the 2023-2024 school year","hoh_gender, child_gender_d",FALSE,TRUE,FALSE,FALSE,FALSE,FALSE,FALSE,FALSE,FALSE,FALSE
"103","edu_level2_overage_learners_d","prop_select_one","% children 5 to 18 y.o. who attended school or any early childhood education program at any time during the 2023-2024 school year","hoh_gender",FALSE,TRUE,FALSE,FALSE,FALSE,FALSE,FALSE,FALSE,FALSE,FALSE
"104","edu_level2_overage_learners_d","prop_select_one","% children 5 to 18 y.o. who attended school or any early childhood education program at any time during the 2023-2024 school year","hoh_gender, child_gender_d",FALSE,TRUE,FALSE,FALSE,FALSE,FALSE,FALSE,FALSE,FALSE,FALSE
"105","edu_level3_overage_learners_d","prop_select_one","% children 5 to 18 y.o. who attended school or any early childhood education program at any time during the 2023-2024 school year","hoh_gender",FALSE,TRUE,FALSE,FALSE,FALSE,FALSE,FALSE,FALSE,FALSE,FALSE
"106","edu_level3_overage_learners_d","prop_select_one","% children 5 to 18 y.o. who attended school or any early childhood education program at any time during the 2023-2024 school year","hoh_gender, child_gender_d",FALSE,TRUE,FALSE,FALSE,FALSE,FALSE,FALSE,FALSE,FALSE,FALSE
"107","edu_ind_access_d","prop_select_one","% children 5 to 18 y.o. who attended school or any early childhood education program at any time during the 2023-2024 school year","edu_school_cycle_d, hoh_gender",FALSE,FALSE,FALSE,TRUE,TRUE,TRUE,TRUE,FALSE,FALSE,FALSE
"108","edu_ind_access_d","prop_select_one","% children 5 to 18 y.o. who attended school or any early childhood education program at any time during the 2023-2024 school year","edu_school_cycle_d, hoh_gender, child_gender_d",FALSE,FALSE,FALSE,TRUE,TRUE,TRUE,TRUE,FALSE,FALSE,FALSE
"109","edu_attending_level0_level1_and_level1_minus_one_age_d","prop_select_one","% of children one year before primary school entry age attending early childhood education or primary school.","edu_school_cycle_d, hoh_gender",FALSE,FALSE,FALSE,TRUE,FALSE,FALSE,FALSE,FALSE,FALSE,FALSE
"110","edu_attending_level0_level1_and_level1_minus_one_age_d","prop_select_one","% of children one year before primary school entry age attending early childhood education or primary school.","edu_school_cycle_d, hoh_gender, child_gender_d",FALSE,FALSE,FALSE,TRUE,FALSE,FALSE,FALSE,FALSE,FALSE,FALSE
"111","edu_attending_level1_and_level1_minus_one_age_d","prop_select_one","% of children one year before primary school entry age attending primary school.","edu_school_cycle_d, hoh_gender",FALSE,FALSE,FALSE,TRUE,FALSE,FALSE,FALSE,FALSE,FALSE,FALSE
"112","edu_attending_level1_and_level1_minus_one_age_d","prop_select_one","% of children one year before primary school entry age attending primary school.","edu_school_cycle_d, hoh_gender, child_gender_d",FALSE,FALSE,FALSE,TRUE,FALSE,FALSE,FALSE,FALSE,FALSE,FALSE
"113","edu_attending_level123_and_level1_age_d","prop_select_one","% of school-aged children of primary school age currently attending primary, lower or upper secondary school","edu_school_cycle_d,hoh_gender",FALSE,FALSE,FALSE,FALSE,TRUE,FALSE,FALSE,FALSE,FALSE,FALSE
"114","edu_attending_level123_and_level1_age_d","prop_select_one","% of school-aged children of primary school age currently attending primary, lower or upper secondary school","edu_school_cycle_d, hoh_gender, child_gender_d",FALSE,FALSE,FALSE,FALSE,TRUE,FALSE,FALSE,FALSE,FALSE,FALSE
"115","edu_attending_level23_and_level2_age_d","prop_select_one","% of school-aged children of lower secondary school age currently attending lower secondary school or higher","edu_school_cycle_d,hoh_gender",FALSE,FALSE,FALSE,FALSE,FALSE,TRUE,FALSE,FALSE,FALSE,FALSE
"116","edu_attending_level23_and_level2_age_d","prop_select_one","% of school-aged children of lower secondary school age currently attending lower secondary school or higher","edu_school_cycle_d, hoh_gender, child_gender_d",FALSE,FALSE,FALSE,FALSE,FALSE,TRUE,FALSE,FALSE,FALSE,FALSE
"117","edu_attending_level3_and_level3_age_d","prop_select_one","% of school-aged children of upper secondary school age currently attending upper secondary school or higher","edu_school_cycle_d,hoh_gender",FALSE,FALSE,FALSE,FALSE,FALSE,FALSE,TRUE,FALSE,FALSE,FALSE
"118","edu_attending_level3_and_level3_age_d","prop_select_one","% of school-aged children of upper secondary school age currently attending upper secondary school or higher","edu_school_cycle_d, hoh_gender, child_gender_d",FALSE,FALSE,FALSE,FALSE,FALSE,FALSE,TRUE,FALSE,FALSE,FALSE
"119","edu_disrupted_displaced","prop_select_multiple",NA,"hoh_gender",FALSE,FALSE,FALSE,FALSE,FALSE,FALSE,FALSE,FALSE,FALSE,FALSE
"120","edu_disrupted_displaced","prop_select_multiple",NA,"hoh_gender, child_gender_d",FALSE,FALSE,FALSE,FALSE,FALSE,FALSE,FALSE,FALSE,FALSE,FALSE
"121","edu_modality","prop_select_one",NA,"hoh_gender",FALSE,FALSE,FALSE,FALSE,FALSE,FALSE,FALSE,FALSE,FALSE,FALSE
"122","edu_modality","prop_select_one",NA,"hoh_gender, child_gender_d",FALSE,FALSE,FALSE,FALSE,FALSE,FALSE,FALSE,FALSE,FALSE,FALSE
"123","edu_ind_access_d","prop_select_one","% children 5 to 18 y.o. who attended school or any early childhood education program at any time during the 2023-2024 school year","hh_size",TRUE,TRUE,FALSE,FALSE,FALSE,FALSE,FALSE,FALSE,FALSE,FALSE
"124","edu_disrupted_teacher_d","prop_select_one","% of children 5 to 18 y.o. whose education was disrupted due to teacher's absence","hh_size",TRUE,FALSE,FALSE,FALSE,FALSE,FALSE,FALSE,FALSE,FALSE,FALSE
"125","edu_disrupted_hazards_d","prop_select_one","% of children 5 to 18 y.o. whose education was disrupted due to natural hazards","hh_size",TRUE,FALSE,FALSE,FALSE,FALSE,FALSE,FALSE,FALSE,FALSE,FALSE
"126","edu_disrupted_displaced_d","prop_select_one","% of children 5 to 18 y.o. whose education was disrupted due to the school being occupied by displaced persons - Binary","hh_size",TRUE,FALSE,FALSE,FALSE,FALSE,FALSE,FALSE,FALSE,FALSE,FALSE
"127","edu_ind_access_d","prop_select_one","% children 5 to 18 y.o. who attended school or any early childhood education program at any time during the 2023-2024 school year","hh_size, child_gender_d",TRUE,TRUE,FALSE,FALSE,FALSE,FALSE,FALSE,FALSE,FALSE,FALSE
"128","edu_disrupted_teacher_d","prop_select_one","% of children 5 to 18 y.o. whose education was disrupted due to teacher's absence","hh_size, child_gender_d",TRUE,FALSE,FALSE,FALSE,FALSE,FALSE,FALSE,FALSE,FALSE,FALSE
"129","edu_disrupted_hazards_d","prop_select_one","% of children 5 to 18 y.o. whose education was disrupted due to natural hazards","hh_size, child_gender_d",TRUE,FALSE,FALSE,FALSE,FALSE,FALSE,FALSE,FALSE,FALSE,FALSE
"130","edu_disrupted_displaced_d","prop_select_one","% of children 5 to 18 y.o. whose education was disrupted due to the school being occupied by displaced persons - Binary","hh_size, child_gender_d",TRUE,FALSE,FALSE,FALSE,FALSE,FALSE,FALSE,FALSE,FALSE,FALSE
"131","edu_ind_no_access_d","prop_select_one","% children 5 to 18 y.o. who did not attended school or any early childhood education program at any time during the 2023-2024 school year","hh_size",FALSE,FALSE,TRUE,FALSE,FALSE,FALSE,FALSE,FALSE,FALSE,FALSE
"132","edu_barrier_d","prop_select_one","% children 5 to 18 y.o. not attending school or any early childhood education program at any time during the 2023-2024 school year, by main reason","hh_size",FALSE,FALSE,TRUE,FALSE,FALSE,FALSE,FALSE,FALSE,FALSE,FALSE
"133","edu_ind_no_access_d","prop_select_one","% children 5 to 18 y.o. who did not attended school or any early childhood education program at any time during the 2023-2024 school year","hh_size, child_gender_d",FALSE,FALSE,TRUE,FALSE,FALSE,FALSE,FALSE,FALSE,FALSE,FALSE
"134","edu_barrier_d","prop_select_one","% children 5 to 18 y.o. not attending school or any early childhood education program at any time during the 2023-2024 school year, by main reason","hh_size, child_gender_d",FALSE,FALSE,TRUE,FALSE,FALSE,FALSE,FALSE,FALSE,FALSE,FALSE
"135","edu_level1_overage_learners_d","prop_select_one","% children 5 to 18 y.o. who attended school or any early childhood education program at any time during the 2023-2024 school year","hh_size",FALSE,TRUE,FALSE,FALSE,FALSE,FALSE,FALSE,FALSE,FALSE,FALSE
"136","edu_level1_overage_learners_d","prop_select_one","% children 5 to 18 y.o. who attended school or any early childhood education program at any time during the 2023-2024 school year","hh_size, child_gender_d",FALSE,TRUE,FALSE,FALSE,FALSE,FALSE,FALSE,FALSE,FALSE,FALSE
"137","edu_level2_overage_learners_d","prop_select_one","% children 5 to 18 y.o. who attended school or any early childhood education program at any time during the 2023-2024 school year","hh_size",FALSE,TRUE,FALSE,FALSE,FALSE,FALSE,FALSE,FALSE,FALSE,FALSE
"138","edu_level2_overage_learners_d","prop_select_one","% children 5 to 18 y.o. who attended school or any early childhood education program at any time during the 2023-2024 school year","hh_size, child_gender_d",FALSE,TRUE,FALSE,FALSE,FALSE,FALSE,FALSE,FALSE,FALSE,FALSE
"139","edu_level3_overage_learners_d","prop_select_one","% children 5 to 18 y.o. who attended school or any early childhood education program at any time during the 2023-2024 school year","hh_size",FALSE,TRUE,FALSE,FALSE,FALSE,FALSE,FALSE,FALSE,FALSE,FALSE
"140","edu_level3_overage_learners_d","prop_select_one","% children 5 to 18 y.o. who attended school or any early childhood education program at any time during the 2023-2024 school year","hh_size, child_gender_d",FALSE,TRUE,FALSE,FALSE,FALSE,FALSE,FALSE,FALSE,FALSE,FALSE
"141","edu_ind_access_d","prop_select_one","% children 5 to 18 y.o. who attended school or any early childhood education program at any time during the 2023-2024 school year","edu_school_cycle_d, hh_size",FALSE,FALSE,FALSE,TRUE,TRUE,TRUE,TRUE,FALSE,FALSE,FALSE
"142","edu_ind_access_d","prop_select_one","% children 5 to 18 y.o. who attended school or any early childhood education program at any time during the 2023-2024 school year","edu_school_cycle_d, hh_size, child_gender_d",FALSE,FALSE,FALSE,TRUE,TRUE,TRUE,TRUE,FALSE,FALSE,FALSE
"143","edu_attending_level0_level1_and_level1_minus_one_age_d","prop_select_one","% of children one year before primary school entry age attending early childhood education or primary school.","edu_school_cycle_d, hh_size",FALSE,FALSE,FALSE,TRUE,FALSE,FALSE,FALSE,FALSE,FALSE,FALSE
"144","edu_attending_level0_level1_and_level1_minus_one_age_d","prop_select_one","% of children one year before primary school entry age attending early childhood education or primary school.","edu_school_cycle_d, hh_size, child_gender_d",FALSE,FALSE,FALSE,TRUE,FALSE,FALSE,FALSE,FALSE,FALSE,FALSE
"145","edu_attending_level1_and_level1_minus_one_age_d","prop_select_one","% of children one year before primary school entry age attending primary school.","edu_school_cycle_d, hh_size",FALSE,FALSE,FALSE,TRUE,FALSE,FALSE,FALSE,FALSE,FALSE,FALSE
"146","edu_attending_level1_and_level1_minus_one_age_d","prop_select_one","% of children one year before primary school entry age attending primary school.","edu_school_cycle_d, hh_size, child_gender_d",FALSE,FALSE,FALSE,TRUE,FALSE,FALSE,FALSE,FALSE,FALSE,FALSE
"147","edu_attending_level123_and_level1_age_d","prop_select_one","% of school-aged children of primary school age currently attending primary, lower or upper secondary school","edu_school_cycle_d,hh_size",FALSE,FALSE,FALSE,FALSE,TRUE,FALSE,FALSE,FALSE,FALSE,FALSE
"148","edu_attending_level123_and_level1_age_d","prop_select_one","% of school-aged children of primary school age currently attending primary, lower or upper secondary school","edu_school_cycle_d, hh_size, child_gender_d",FALSE,FALSE,FALSE,FALSE,TRUE,FALSE,FALSE,FALSE,FALSE,FALSE
"149","edu_attending_level23_and_level2_age_d","prop_select_one","% of school-aged children of lower secondary school age currently attending lower secondary school or higher","edu_school_cycle_d,hh_size",FALSE,FALSE,FALSE,FALSE,FALSE,TRUE,FALSE,FALSE,FALSE,FALSE
"150","edu_attending_level23_and_level2_age_d","prop_select_one","% of school-aged children of lower secondary school age currently attending lower secondary school or higher","edu_school_cycle_d, hh_size, child_gender_d",FALSE,FALSE,FALSE,FALSE,FALSE,TRUE,FALSE,FALSE,FALSE,FALSE
"151","edu_attending_level3_and_level3_age_d","prop_select_one","% of school-aged children of upper secondary school age currently attending upper secondary school or higher","edu_school_cycle_d,hh_size",FALSE,FALSE,FALSE,FALSE,FALSE,FALSE,TRUE,FALSE,FALSE,FALSE
"152","edu_attending_level3_and_level3_age_d","prop_select_one","% of school-aged children of upper secondary school age currently attending upper secondary school or higher","edu_school_cycle_d, hh_size, child_gender_d",FALSE,FALSE,FALSE,FALSE,FALSE,FALSE,TRUE,FALSE,FALSE,FALSE
"153","edu_disrupted_displaced","prop_select_multiple",NA,"hh_size",FALSE,FALSE,FALSE,FALSE,FALSE,FALSE,FALSE,FALSE,FALSE,FALSE
"154","edu_disrupted_displaced","prop_select_multiple",NA,"hh_size, child_gender_d",FALSE,FALSE,FALSE,FALSE,FALSE,FALSE,FALSE,FALSE,FALSE,FALSE
"155","edu_modality","prop_select_one",NA,"hh_size",FALSE,FALSE,FALSE,FALSE,FALSE,FALSE,FALSE,FALSE,FALSE,FALSE
"156","edu_modality","prop_select_one",NA,"hh_size, child_gender_d",FALSE,FALSE,FALSE,FALSE,FALSE,FALSE,FALSE,FALSE,FALSE,FALSE
"157","edu_ind_access_d","prop_select_one","% children 5 to 18 y.o. who attended school or any early childhood education program at any time during the 2023-2024 school year","stratum",TRUE,TRUE,FALSE,FALSE,FALSE,FALSE,FALSE,FALSE,FALSE,FALSE
"158","edu_disrupted_teacher_d","prop_select_one","% of children 5 to 18 y.o. whose education was disrupted due to teacher's absence","stratum",TRUE,FALSE,FALSE,FALSE,FALSE,FALSE,FALSE,FALSE,FALSE,FALSE
"159","edu_disrupted_hazards_d","prop_select_one","% of children 5 to 18 y.o. whose education was disrupted due to natural hazards","stratum",TRUE,FALSE,FALSE,FALSE,FALSE,FALSE,FALSE,FALSE,FALSE,FALSE
"160","edu_disrupted_displaced_d","prop_select_one","% of children 5 to 18 y.o. whose education was disrupted due to the school being occupied by displaced persons - Binary","stratum",TRUE,FALSE,FALSE,FALSE,FALSE,FALSE,FALSE,FALSE,FALSE,FALSE
"161","edu_ind_access_d","prop_select_one","% children 5 to 18 y.o. who attended school or any early childhood education program at any time during the 2023-2024 school year","stratum, child_gender_d",TRUE,TRUE,FALSE,FALSE,FALSE,FALSE,FALSE,FALSE,FALSE,FALSE
"162","edu_disrupted_teacher_d","prop_select_one","% of children 5 to 18 y.o. whose education was disrupted due to teacher's absence","stratum, child_gender_d",TRUE,FALSE,FALSE,FALSE,FALSE,FALSE,FALSE,FALSE,FALSE,FALSE
"163","edu_disrupted_hazards_d","prop_select_one","% of children 5 to 18 y.o. whose education was disrupted due to natural hazards","stratum, child_gender_d",TRUE,FALSE,FALSE,FALSE,FALSE,FALSE,FALSE,FALSE,FALSE,FALSE
"164","edu_disrupted_displaced_d","prop_select_one","% of children 5 to 18 y.o. whose education was disrupted due to the school being occupied by displaced persons - Binary","stratum, child_gender_d",TRUE,FALSE,FALSE,FALSE,FALSE,FALSE,FALSE,FALSE,FALSE,FALSE
"165","edu_ind_no_access_d","prop_select_one","% children 5 to 18 y.o. who did not attended school or any early childhood education program at any time during the 2023-2024 school year","stratum",FALSE,FALSE,TRUE,FALSE,FALSE,FALSE,FALSE,FALSE,FALSE,FALSE
"166","edu_barrier_d","prop_select_one","% children 5 to 18 y.o. not attending school or any early childhood education program at any time during the 2023-2024 school year, by main reason","stratum",FALSE,FALSE,TRUE,FALSE,FALSE,FALSE,FALSE,FALSE,FALSE,FALSE
"167","edu_ind_no_access_d","prop_select_one","% children 5 to 18 y.o. who did not attended school or any early childhood education program at any time during the 2023-2024 school year","stratum, child_gender_d",FALSE,FALSE,TRUE,FALSE,FALSE,FALSE,FALSE,FALSE,FALSE,FALSE
"168","edu_barrier_d","prop_select_one","% children 5 to 18 y.o. not attending school or any early childhood education program at any time during the 2023-2024 school year, by main reason","stratum, child_gender_d",FALSE,FALSE,TRUE,FALSE,FALSE,FALSE,FALSE,FALSE,FALSE,FALSE
"169","edu_level1_overage_learners_d","prop_select_one","% children 5 to 18 y.o. who attended school or any early childhood education program at any time during the 2023-2024 school year","stratum",FALSE,TRUE,FALSE,FALSE,FALSE,FALSE,FALSE,FALSE,FALSE,FALSE
"170","edu_level1_overage_learners_d","prop_select_one","% children 5 to 18 y.o. who attended school or any early childhood education program at any time during the 2023-2024 school year","stratum, child_gender_d",FALSE,TRUE,FALSE,FALSE,FALSE,FALSE,FALSE,FALSE,FALSE,FALSE
"171","edu_level2_overage_learners_d","prop_select_one","% children 5 to 18 y.o. who attended school or any early childhood education program at any time during the 2023-2024 school year","stratum",FALSE,TRUE,FALSE,FALSE,FALSE,FALSE,FALSE,FALSE,FALSE,FALSE
"172","edu_level2_overage_learners_d","prop_select_one","% children 5 to 18 y.o. who attended school or any early childhood education program at any time during the 2023-2024 school year","stratum, child_gender_d",FALSE,TRUE,FALSE,FALSE,FALSE,FALSE,FALSE,FALSE,FALSE,FALSE
"173","edu_level3_overage_learners_d","prop_select_one","% children 5 to 18 y.o. who attended school or any early childhood education program at any time during the 2023-2024 school year","stratum",FALSE,TRUE,FALSE,FALSE,FALSE,FALSE,FALSE,FALSE,FALSE,FALSE
"174","edu_level3_overage_learners_d","prop_select_one","% children 5 to 18 y.o. who attended school or any early childhood education program at any time during the 2023-2024 school year","stratum, child_gender_d",FALSE,TRUE,FALSE,FALSE,FALSE,FALSE,FALSE,FALSE,FALSE,FALSE
"175","edu_ind_access_d","prop_select_one","% children 5 to 18 y.o. who attended school or any early childhood education program at any time during the 2023-2024 school year","edu_school_cycle_d, stratum",FALSE,FALSE,FALSE,TRUE,TRUE,TRUE,TRUE,FALSE,FALSE,FALSE
"176","edu_ind_access_d","prop_select_one","% children 5 to 18 y.o. who attended school or any early childhood education program at any time during the 2023-2024 school year","edu_school_cycle_d, stratum, child_gender_d",FALSE,FALSE,FALSE,TRUE,TRUE,TRUE,TRUE,FALSE,FALSE,FALSE
"177","edu_attending_level0_level1_and_level1_minus_one_age_d","prop_select_one","% of children one year before primary school entry age attending early childhood education or primary school.","edu_school_cycle_d, stratum",FALSE,FALSE,FALSE,TRUE,FALSE,FALSE,FALSE,FALSE,FALSE,FALSE
"178","edu_attending_level0_level1_and_level1_minus_one_age_d","prop_select_one","% of children one year before primary school entry age attending early childhood education or primary school.","edu_school_cycle_d, stratum, child_gender_d",FALSE,FALSE,FALSE,TRUE,FALSE,FALSE,FALSE,FALSE,FALSE,FALSE
"179","edu_attending_level1_and_level1_minus_one_age_d","prop_select_one","% of children one year before primary school entry age attending primary school.","edu_school_cycle_d, stratum",FALSE,FALSE,FALSE,TRUE,FALSE,FALSE,FALSE,FALSE,FALSE,FALSE
"180","edu_attending_level1_and_level1_minus_one_age_d","prop_select_one","% of children one year before primary school entry age attending primary school.","edu_school_cycle_d, stratum, child_gender_d",FALSE,FALSE,FALSE,TRUE,FALSE,FALSE,FALSE,FALSE,FALSE,FALSE
"181","edu_attending_level123_and_level1_age_d","prop_select_one","% of school-aged children of primary school age currently attending primary, lower or upper secondary school","edu_school_cycle_d,stratum",FALSE,FALSE,FALSE,FALSE,TRUE,FALSE,FALSE,FALSE,FALSE,FALSE
"182","edu_attending_level123_and_level1_age_d","prop_select_one","% of school-aged children of primary school age currently attending primary, lower or upper secondary school","edu_school_cycle_d, stratum, child_gender_d",FALSE,FALSE,FALSE,FALSE,TRUE,FALSE,FALSE,FALSE,FALSE,FALSE
"183","edu_attending_level23_and_level2_age_d","prop_select_one","% of school-aged children of lower secondary school age currently attending lower secondary school or higher","edu_school_cycle_d,stratum",FALSE,FALSE,FALSE,FALSE,FALSE,TRUE,FALSE,FALSE,FALSE,FALSE
"184","edu_attending_level23_and_level2_age_d","prop_select_one","% of school-aged children of lower secondary school age currently attending lower secondary school or higher","edu_school_cycle_d, stratum, child_gender_d",FALSE,FALSE,FALSE,FALSE,FALSE,TRUE,FALSE,FALSE,FALSE,FALSE
"185","edu_attending_level3_and_level3_age_d","prop_select_one","% of school-aged children of upper secondary school age currently attending upper secondary school or higher","edu_school_cycle_d,stratum",FALSE,FALSE,FALSE,FALSE,FALSE,FALSE,TRUE,FALSE,FALSE,FALSE
"186","edu_attending_level3_and_level3_age_d","prop_select_one","% of school-aged children of upper secondary school age currently attending upper secondary school or higher","edu_school_cycle_d, stratum, child_gender_d",FALSE,FALSE,FALSE,FALSE,FALSE,FALSE,TRUE,FALSE,FALSE,FALSE
"187","edu_disrupted_displaced","prop_select_multiple",NA,"stratum",FALSE,FALSE,FALSE,FALSE,FALSE,FALSE,FALSE,FALSE,FALSE,FALSE
"188","edu_disrupted_displaced","prop_select_multiple",NA,"stratum, child_gender_d",FALSE,FALSE,FALSE,FALSE,FALSE,FALSE,FALSE,FALSE,FALSE,FALSE
"189","edu_modality","prop_select_one",NA,"stratum",FALSE,FALSE,FALSE,FALSE,FALSE,FALSE,FALSE,FALSE,FALSE,FALSE
"190","edu_modality","prop_select_one",NA,"stratum, child_gender_d",FALSE,FALSE,FALSE,FALSE,FALSE,FALSE,FALSE,FALSE,FALSE,FALSE
"191","edu_ind_access_d","prop_select_one","% children 5 to 18 y.o. who attended school or any early childhood education program at any time during the 2023-2024 school year","snfi_setting_cat",TRUE,TRUE,FALSE,FALSE,FALSE,FALSE,FALSE,FALSE,FALSE,FALSE
"192","edu_disrupted_teacher_d","prop_select_one","% of children 5 to 18 y.o. whose education was disrupted due to teacher's absence","snfi_setting_cat",TRUE,FALSE,FALSE,FALSE,FALSE,FALSE,FALSE,FALSE,FALSE,FALSE
"193","edu_disrupted_hazards_d","prop_select_one","% of children 5 to 18 y.o. whose education was disrupted due to natural hazards","snfi_setting_cat",TRUE,FALSE,FALSE,FALSE,FALSE,FALSE,FALSE,FALSE,FALSE,FALSE
"194","edu_disrupted_displaced_d","prop_select_one","% of children 5 to 18 y.o. whose education was disrupted due to the school being occupied by displaced persons - Binary","snfi_setting_cat",TRUE,FALSE,FALSE,FALSE,FALSE,FALSE,FALSE,FALSE,FALSE,FALSE
"195","edu_ind_access_d","prop_select_one","% children 5 to 18 y.o. who attended school or any early childhood education program at any time during the 2023-2024 school year","snfi_setting_cat, child_gender_d",TRUE,TRUE,FALSE,FALSE,FALSE,FALSE,FALSE,FALSE,FALSE,FALSE
"196","edu_disrupted_teacher_d","prop_select_one","% of children 5 to 18 y.o. whose education was disrupted due to teacher's absence","snfi_setting_cat, child_gender_d",TRUE,FALSE,FALSE,FALSE,FALSE,FALSE,FALSE,FALSE,FALSE,FALSE
"197","edu_disrupted_hazards_d","prop_select_one","% of children 5 to 18 y.o. whose education was disrupted due to natural hazards","snfi_setting_cat, child_gender_d",TRUE,FALSE,FALSE,FALSE,FALSE,FALSE,FALSE,FALSE,FALSE,FALSE
"198","edu_disrupted_displaced_d","prop_select_one","% of children 5 to 18 y.o. whose education was disrupted due to the school being occupied by displaced persons - Binary","snfi_setting_cat, child_gender_d",TRUE,FALSE,FALSE,FALSE,FALSE,FALSE,FALSE,FALSE,FALSE,FALSE
"199","edu_ind_no_access_d","prop_select_one","% children 5 to 18 y.o. who did not attended school or any early childhood education program at any time during the 2023-2024 school year","snfi_setting_cat",FALSE,FALSE,TRUE,FALSE,FALSE,FALSE,FALSE,FALSE,FALSE,FALSE
"200","edu_barrier_d","prop_select_one","% children 5 to 18 y.o. not attending school or any early childhood education program at any time during the 2023-2024 school year, by main reason","snfi_setting_cat",FALSE,FALSE,TRUE,FALSE,FALSE,FALSE,FALSE,FALSE,FALSE,FALSE
"201","edu_ind_no_access_d","prop_select_one","% children 5 to 18 y.o. who did not attended school or any early childhood education program at any time during the 2023-2024 school year","snfi_setting_cat, child_gender_d",FALSE,FALSE,TRUE,FALSE,FALSE,FALSE,FALSE,FALSE,FALSE,FALSE
"202","edu_barrier_d","prop_select_one","% children 5 to 18 y.o. not attending school or any early childhood education program at any time during the 2023-2024 school year, by main reason","snfi_setting_cat, child_gender_d",FALSE,FALSE,TRUE,FALSE,FALSE,FALSE,FALSE,FALSE,FALSE,FALSE
"203","edu_level1_overage_learners_d","prop_select_one","% children 5 to 18 y.o. who attended school or any early childhood education program at any time during the 2023-2024 school year","snfi_setting_cat",FALSE,TRUE,FALSE,FALSE,FALSE,FALSE,FALSE,FALSE,FALSE,FALSE
"204","edu_level1_overage_learners_d","prop_select_one","% children 5 to 18 y.o. who attended school or any early childhood education program at any time during the 2023-2024 school year","snfi_setting_cat, child_gender_d",FALSE,TRUE,FALSE,FALSE,FALSE,FALSE,FALSE,FALSE,FALSE,FALSE
"205","edu_level2_overage_learners_d","prop_select_one","% children 5 to 18 y.o. who attended school or any early childhood education program at any time during the 2023-2024 school year","snfi_setting_cat",FALSE,TRUE,FALSE,FALSE,FALSE,FALSE,FALSE,FALSE,FALSE,FALSE
"206","edu_level2_overage_learners_d","prop_select_one","% children 5 to 18 y.o. who attended school or any early childhood education program at any time during the 2023-2024 school year","snfi_setting_cat, child_gender_d",FALSE,TRUE,FALSE,FALSE,FALSE,FALSE,FALSE,FALSE,FALSE,FALSE
"207","edu_level3_overage_learners_d","prop_select_one","% children 5 to 18 y.o. who attended school or any early childhood education program at any time during the 2023-2024 school year","snfi_setting_cat",FALSE,TRUE,FALSE,FALSE,FALSE,FALSE,FALSE,FALSE,FALSE,FALSE
"208","edu_level3_overage_learners_d","prop_select_one","% children 5 to 18 y.o. who attended school or any early childhood education program at any time during the 2023-2024 school year","snfi_setting_cat, child_gender_d",FALSE,TRUE,FALSE,FALSE,FALSE,FALSE,FALSE,FALSE,FALSE,FALSE
"209","edu_ind_access_d","prop_select_one","% children 5 to 18 y.o. who attended school or any early childhood education program at any time during the 2023-2024 school year","edu_school_cycle_d, snfi_setting_cat",FALSE,FALSE,FALSE,TRUE,TRUE,TRUE,TRUE,FALSE,FALSE,FALSE
"210","edu_ind_access_d","prop_select_one","% children 5 to 18 y.o. who attended school or any early childhood education program at any time during the 2023-2024 school year","edu_school_cycle_d, snfi_setting_cat, child_gender_d",FALSE,FALSE,FALSE,TRUE,TRUE,TRUE,TRUE,FALSE,FALSE,FALSE
"211","edu_attending_level0_level1_and_level1_minus_one_age_d","prop_select_one","% of children one year before primary school entry age attending early childhood education or primary school.","edu_school_cycle_d, snfi_setting_cat",FALSE,FALSE,FALSE,TRUE,FALSE,FALSE,FALSE,FALSE,FALSE,FALSE
"212","edu_attending_level0_level1_and_level1_minus_one_age_d","prop_select_one","% of children one year before primary school entry age attending early childhood education or primary school.","edu_school_cycle_d, snfi_setting_cat, child_gender_d",FALSE,FALSE,FALSE,TRUE,FALSE,FALSE,FALSE,FALSE,FALSE,FALSE
"213","edu_attending_level1_and_level1_minus_one_age_d","prop_select_one","% of children one year before primary school entry age attending primary school.","edu_school_cycle_d, snfi_setting_cat",FALSE,FALSE,FALSE,TRUE,FALSE,FALSE,FALSE,FALSE,FALSE,FALSE
"214","edu_attending_level1_and_level1_minus_one_age_d","prop_select_one","% of children one year before primary school entry age attending primary school.","edu_school_cycle_d, snfi_setting_cat, child_gender_d",FALSE,FALSE,FALSE,TRUE,FALSE,FALSE,FALSE,FALSE,FALSE,FALSE
"215","edu_attending_level123_and_level1_age_d","prop_select_one","% of school-aged children of primary school age currently attending primary, lower or upper secondary school","edu_school_cycle_d,snfi_setting_cat",FALSE,FALSE,FALSE,FALSE,TRUE,FALSE,FALSE,FALSE,FALSE,FALSE
"216","edu_attending_level123_and_level1_age_d","prop_select_one","% of school-aged children of primary school age currently attending primary, lower or upper secondary school","edu_school_cycle_d, snfi_setting_cat, child_gender_d",FALSE,FALSE,FALSE,FALSE,TRUE,FALSE,FALSE,FALSE,FALSE,FALSE
"217","edu_attending_level23_and_level2_age_d","prop_select_one","% of school-aged children of lower secondary school age currently attending lower secondary school or higher","edu_school_cycle_d,snfi_setting_cat",FALSE,FALSE,FALSE,FALSE,FALSE,TRUE,FALSE,FALSE,FALSE,FALSE
"218","edu_attending_level23_and_level2_age_d","prop_select_one","% of school-aged children of lower secondary school age currently attending lower secondary school or higher","edu_school_cycle_d, snfi_setting_cat, child_gender_d",FALSE,FALSE,FALSE,FALSE,FALSE,TRUE,FALSE,FALSE,FALSE,FALSE
"219","edu_attending_level3_and_level3_age_d","prop_select_one","% of school-aged children of upper secondary school age currently attending upper secondary school or higher","edu_school_cycle_d,snfi_setting_cat",FALSE,FALSE,FALSE,FALSE,FALSE,FALSE,TRUE,FALSE,FALSE,FALSE
"220","edu_attending_level3_and_level3_age_d","prop_select_one","% of school-aged children of upper secondary school age currently attending upper secondary school or higher","edu_school_cycle_d, snfi_setting_cat, child_gender_d",FALSE,FALSE,FALSE,FALSE,FALSE,FALSE,TRUE,FALSE,FALSE,FALSE
"221","edu_disrupted_displaced","prop_select_multiple",NA,"snfi_setting_cat",FALSE,FALSE,FALSE,FALSE,FALSE,FALSE,FALSE,FALSE,FALSE,FALSE
"222","edu_disrupted_displaced","prop_select_multiple",NA,"snfi_setting_cat, child_gender_d",FALSE,FALSE,FALSE,FALSE,FALSE,FALSE,FALSE,FALSE,FALSE,FALSE
"223","edu_modality","prop_select_one",NA,"snfi_setting_cat",FALSE,FALSE,FALSE,FALSE,FALSE,FALSE,FALSE,FALSE,FALSE,FALSE
"224","edu_modality","prop_select_one",NA,"snfi_setting_cat, child_gender_d",FALSE,FALSE,FALSE,FALSE,FALSE,FALSE,FALSE,FALSE,FALSE,FALSE
"225","edu_ind_access_d","prop_select_one","% children 5 to 18 y.o. who attended school or any early childhood education program at any time during the 2023-2024 school year","young_adult",TRUE,TRUE,FALSE,FALSE,FALSE,FALSE,FALSE,FALSE,FALSE,FALSE
"226","edu_disrupted_teacher_d","prop_select_one","% of children 5 to 18 y.o. whose education was disrupted due to teacher's absence","young_adult",TRUE,FALSE,FALSE,FALSE,FALSE,FALSE,FALSE,FALSE,FALSE,FALSE
"227","edu_disrupted_hazards_d","prop_select_one","% of children 5 to 18 y.o. whose education was disrupted due to natural hazards","young_adult",TRUE,FALSE,FALSE,FALSE,FALSE,FALSE,FALSE,FALSE,FALSE,FALSE
"228","edu_disrupted_displaced_d","prop_select_one","% of children 5 to 18 y.o. whose education was disrupted due to the school being occupied by displaced persons - Binary","young_adult",TRUE,FALSE,FALSE,FALSE,FALSE,FALSE,FALSE,FALSE,FALSE,FALSE
"229","edu_ind_access_d","prop_select_one","% children 5 to 18 y.o. who attended school or any early childhood education program at any time during the 2023-2024 school year","young_adult, child_gender_d",TRUE,TRUE,FALSE,FALSE,FALSE,FALSE,FALSE,FALSE,FALSE,FALSE
"230","edu_disrupted_teacher_d","prop_select_one","% of children 5 to 18 y.o. whose education was disrupted due to teacher's absence","young_adult, child_gender_d",TRUE,FALSE,FALSE,FALSE,FALSE,FALSE,FALSE,FALSE,FALSE,FALSE
"231","edu_disrupted_hazards_d","prop_select_one","% of children 5 to 18 y.o. whose education was disrupted due to natural hazards","young_adult, child_gender_d",TRUE,FALSE,FALSE,FALSE,FALSE,FALSE,FALSE,FALSE,FALSE,FALSE
"232","edu_disrupted_displaced_d","prop_select_one","% of children 5 to 18 y.o. whose education was disrupted due to the school being occupied by displaced persons - Binary","young_adult, child_gender_d",TRUE,FALSE,FALSE,FALSE,FALSE,FALSE,FALSE,FALSE,FALSE,FALSE
"233","edu_ind_no_access_d","prop_select_one","% children 5 to 18 y.o. who did not attended school or any early childhood education program at any time during the 2023-2024 school year","young_adult",FALSE,FALSE,TRUE,FALSE,FALSE,FALSE,FALSE,FALSE,FALSE,FALSE
"234","edu_barrier_d","prop_select_one","% children 5 to 18 y.o. not attending school or any early childhood education program at any time during the 2023-2024 school year, by main reason","young_adult",FALSE,FALSE,TRUE,FALSE,FALSE,FALSE,FALSE,FALSE,FALSE,FALSE
"235","edu_ind_no_access_d","prop_select_one","% children 5 to 18 y.o. who did not attended school or any early childhood education program at any time during the 2023-2024 school year","young_adult, child_gender_d",FALSE,FALSE,TRUE,FALSE,FALSE,FALSE,FALSE,FALSE,FALSE,FALSE
"236","edu_barrier_d","prop_select_one","% children 5 to 18 y.o. not attending school or any early childhood education program at any time during the 2023-2024 school year, by main reason","young_adult, child_gender_d",FALSE,FALSE,TRUE,FALSE,FALSE,FALSE,FALSE,FALSE,FALSE,FALSE
"237","edu_level1_overage_learners_d","prop_select_one","% children 5 to 18 y.o. who attended school or any early childhood education program at any time during the 2023-2024 school year","young_adult",FALSE,TRUE,FALSE,FALSE,FALSE,FALSE,FALSE,FALSE,FALSE,FALSE
"238","edu_level1_overage_learners_d","prop_select_one","% children 5 to 18 y.o. who attended school or any early childhood education program at any time during the 2023-2024 school year","young_adult, child_gender_d",FALSE,TRUE,FALSE,FALSE,FALSE,FALSE,FALSE,FALSE,FALSE,FALSE
"239","edu_level2_overage_learners_d","prop_select_one","% children 5 to 18 y.o. who attended school or any early childhood education program at any time during the 2023-2024 school year","young_adult",FALSE,TRUE,FALSE,FALSE,FALSE,FALSE,FALSE,FALSE,FALSE,FALSE
"240","edu_level2_overage_learners_d","prop_select_one","% children 5 to 18 y.o. who attended school or any early childhood education program at any time during the 2023-2024 school year","young_adult, child_gender_d",FALSE,TRUE,FALSE,FALSE,FALSE,FALSE,FALSE,FALSE,FALSE,FALSE
"241","edu_level3_overage_learners_d","prop_select_one","% children 5 to 18 y.o. who attended school or any early childhood education program at any time during the 2023-2024 school year","young_adult",FALSE,TRUE,FALSE,FALSE,FALSE,FALSE,FALSE,FALSE,FALSE,FALSE
"242","edu_level3_overage_learners_d","prop_select_one","% children 5 to 18 y.o. who attended school or any early childhood education program at any time during the 2023-2024 school year","young_adult, child_gender_d",FALSE,TRUE,FALSE,FALSE,FALSE,FALSE,FALSE,FALSE,FALSE,FALSE
"243","edu_ind_access_d","prop_select_one","% children 5 to 18 y.o. who attended school or any early childhood education program at any time during the 2023-2024 school year","edu_school_cycle_d, young_adult",FALSE,FALSE,FALSE,TRUE,TRUE,TRUE,TRUE,FALSE,FALSE,FALSE
"244","edu_ind_access_d","prop_select_one","% children 5 to 18 y.o. who attended school or any early childhood education program at any time during the 2023-2024 school year","edu_school_cycle_d, young_adult, child_gender_d",FALSE,FALSE,FALSE,TRUE,TRUE,TRUE,TRUE,FALSE,FALSE,FALSE
"245","edu_attending_level0_level1_and_level1_minus_one_age_d","prop_select_one","% of children one year before primary school entry age attending early childhood education or primary school.","edu_school_cycle_d, young_adult",FALSE,FALSE,FALSE,TRUE,FALSE,FALSE,FALSE,FALSE,FALSE,FALSE
"246","edu_attending_level0_level1_and_level1_minus_one_age_d","prop_select_one","% of children one year before primary school entry age attending early childhood education or primary school.","edu_school_cycle_d, young_adult, child_gender_d",FALSE,FALSE,FALSE,TRUE,FALSE,FALSE,FALSE,FALSE,FALSE,FALSE
"247","edu_attending_level1_and_level1_minus_one_age_d","prop_select_one","% of children one year before primary school entry age attending primary school.","edu_school_cycle_d, young_adult",FALSE,FALSE,FALSE,TRUE,FALSE,FALSE,FALSE,FALSE,FALSE,FALSE
"248","edu_attending_level1_and_level1_minus_one_age_d","prop_select_one","% of children one year before primary school entry age attending primary school.","edu_school_cycle_d, young_adult, child_gender_d",FALSE,FALSE,FALSE,TRUE,FALSE,FALSE,FALSE,FALSE,FALSE,FALSE
"249","edu_attending_level123_and_level1_age_d","prop_select_one","% of school-aged children of primary school age currently attending primary, lower or upper secondary school","edu_school_cycle_d,young_adult",FALSE,FALSE,FALSE,FALSE,TRUE,FALSE,FALSE,FALSE,FALSE,FALSE
"250","edu_attending_level123_and_level1_age_d","prop_select_one","% of school-aged children of primary school age currently attending primary, lower or upper secondary school","edu_school_cycle_d, young_adult, child_gender_d",FALSE,FALSE,FALSE,FALSE,TRUE,FALSE,FALSE,FALSE,FALSE,FALSE
"251","edu_attending_level23_and_level2_age_d","prop_select_one","% of school-aged children of lower secondary school age currently attending lower secondary school or higher","edu_school_cycle_d,young_adult",FALSE,FALSE,FALSE,FALSE,FALSE,TRUE,FALSE,FALSE,FALSE,FALSE
"252","edu_attending_level23_and_level2_age_d","prop_select_one","% of school-aged children of lower secondary school age currently attending lower secondary school or higher","edu_school_cycle_d, young_adult, child_gender_d",FALSE,FALSE,FALSE,FALSE,FALSE,TRUE,FALSE,FALSE,FALSE,FALSE
"253","edu_attending_level3_and_level3_age_d","prop_select_one","% of school-aged children of upper secondary school age currently attending upper secondary school or higher","edu_school_cycle_d,young_adult",FALSE,FALSE,FALSE,FALSE,FALSE,FALSE,TRUE,FALSE,FALSE,FALSE
"254","edu_attending_level3_and_level3_age_d","prop_select_one","% of school-aged children of upper secondary school age currently attending upper secondary school or higher","edu_school_cycle_d, young_adult, child_gender_d",FALSE,FALSE,FALSE,FALSE,FALSE,FALSE,TRUE,FALSE,FALSE,FALSE
"255","edu_disrupted_displaced","prop_select_multiple",NA,"young_adult",FALSE,FALSE,FALSE,FALSE,FALSE,FALSE,FALSE,FALSE,FALSE,FALSE
"256","edu_disrupted_displaced","prop_select_multiple",NA,"young_adult, child_gender_d",FALSE,FALSE,FALSE,FALSE,FALSE,FALSE,FALSE,FALSE,FALSE,FALSE
"257","edu_modality","prop_select_one",NA,"young_adult",FALSE,FALSE,FALSE,FALSE,FALSE,FALSE,FALSE,FALSE,FALSE,FALSE
"258","edu_modality","prop_select_one",NA,"young_adult, child_gender_d",FALSE,FALSE,FALSE,FALSE,FALSE,FALSE,FALSE,FALSE,FALSE,FALSE
